{"timers": {"training_iteration": 18.365091500105336, "restore_env_runners": 4.2128684807822726e-05, "training_step": 0.03626163670761232, "env_runner_sampling_timer": 0.007721869603388848, "replay_buffer_add_data_timer": 0.0024827362939537356, "replay_buffer_sampling_timer": 1.470503400079906, "learner_update_timer": 0.5197374999988824, "replay_buffer_update_prios_timer": 0.11092210002243519, "synch_weights": 0.005789600079879165}, "env_runners": {"module_to_env_connector": {"timers": {"connectors": {"tensor_to_numpy": 0.00016602284913620549, "un_batch_to_individual_items": 3.731117756139464e-05, "remove_single_ts_time_rank_from_batch": 5.131020255517462e-06, "get_actions": 9.077701604918975e-06, "listify_data_for_vector_env": 0.00011226612267271426, "normalize_and_clip_actions": 9.61526458475755e-05}}, "connector_pipeline_timer": 0.0006387907717257563}, "env_to_module_connector": {"timers": {"connectors": {"numpy_to_tensor": 0.0001495912528995001, "add_observations_from_episodes_to_batch": 2.4539072345690924e-05, "batch_individual_items": 5.184256786019702e-05, "add_time_dim_to_batch_and_zero_pad": 6.029451353496496e-06, "add_states_from_episodes_to_batch": 4.917667602435591e-06}}, "connector_pipeline_timer": 0.00036876118286139893}, "num_env_steps_sampled_lifetime": 1000, "sample": 0.004992595180781262, "num_episodes": 51, "weights_seq_no": 0.0, "env_to_module_sum_episodes_length_in": 0.9512296270358, "rlmodule_inference_timer": 0.0023755906973639785, "num_module_steps_sampled": {"default_policy": 1000}, "env_to_module_sum_episodes_length_out": 0.9512296270358, "env_reset_timer": 0.0007010000990703702, "num_env_steps_sampled": 1000, "num_agent_steps_sampled_lifetime": {"default_agent": 1000}, "env_step_timer": 0.00020479919266009567, "num_module_steps_sampled_lifetime": {"default_policy": 1000}, "num_agent_steps_sampled": {"default_agent": 1000}, "num_episodes_lifetime": 51, "time_between_sampling": 0.010428006440573293, "episode_duration_sec_mean": 0.005791758814844869, "episode_return_max": -100.74319607764482, "episode_return_mean": -106.8728454429291, "agent_episode_return_mean": {"default_agent": -106.8728454429291}, "episode_return_min": -131.56277123093605, "episode_len_mean": 19.392156862745097, "episode_len_max": 44, "module_episode_return_mean": {"default_policy": -106.8728454429291}, "episode_len_min": 6, "num_env_steps_sampled_lifetime_throughput": 65.7827822403587}, "num_training_step_calls_per_iteration": 1000, "replay_buffer": {"num_module_steps_sampled": {"default_policy": 4000}, "num_agent_episodes_evicted": {"default_agent": 0}, "num_env_steps_added": 1000, "num_env_steps_per_sample_lifetime": 984, "module_actual_n_step": {"default_policy": 1.0}, "num_episodes_added_lifetime": 52, "num_agent_steps_sampled_lifetime": {"default_agent": 4000}, "agent_step_utilization": {"default_agent": 0.246}, "num_module_steps_sampled_lifetime": {"default_policy": 4000}, "num_agent_steps_evicted_lifetime": {"default_agent": 0}, "num_agent_episodes_added_lifetime": {"default_agent": 52}, "num_agent_episodes": {"default_agent": 49.33}, "num_module_steps_evicted": {"default_policy": 0}, "num_agent_steps_added_lifetime": {"default_agent": 1000}, "num_episodes_per_sample": 52, "num_agent_steps_evicted": {"default_agent": 0}, "num_module_resamples": {"default_policy": 0}, "num_env_steps_added_lifetime": 1000, "module_step_utilization": {"default_policy": 0.246}, "num_module_episodes_evicted_lifetime": {"default_policy": 0}, "num_agent_steps_sampled": {"default_agent": 4000}, "num_resamples": 0, "num_module_steps_added": {"default_policy": 52}, "num_module_episodes_evicted": {"default_policy": 0}, "num_agent_steps_stored": {"default_agent": 950.5}, "num_agent_episodes_evicted_lifetime": {"default_agent": 0}, "num_env_steps_sampled": 4000, "num_module_steps_per_sample_lifetime": {"default_policy": 984}, "num_env_steps_evicted_lifetime": 0, "num_module_steps_added_lifetime": {"default_policy": 52}, "num_env_steps_per_sample": 984, "num_agent_resamples": {"default_agent": 0}, "actual_n_step": 1.0, "env_step_utilization": 0.246, "num_episodes_evicted": 0, "num_episodes_stored": 49.33, "num_agent_episodes_per_sample": {"default_agent": 52}, "num_env_steps_stored": 950.5, "num_episodes_evicted_lifetime": 0, "num_module_episodes_added_lifetime": {"default_policy": 1000}, "num_module_episodes_per_sample": {"default_policy": 52}, "num_agent_episodes_added": {"default_agent": 52}, "num_module_episodes": {"default_policy": 950.5}, "agent_actual_n_step": {"default_agent": 1.0}, "num_agent_steps_per_sample_lifetime": {"default_agent": 984}, "num_agent_steps_per_sample": {"default_agent": 984}, "num_module_steps_evicted_lifetime": {"default_policy": 0}, "num_module_steps_per_sample": {"default_policy": 984}, "num_episodes_added": 52, "num_env_steps_evicted": 0, "num_module_episodes_added": {"default_policy": 1000}, "num_agent_steps_added": {"default_agent": 1000}, "num_env_steps_sampled_lifetime": 4000}, "learners": {"default_policy": {"num_module_steps_trained": 4000, "total_loss": 5.232637405395508, "num_module_steps_trained_lifetime": 4000, "last_target_update_ts": 1000.0, "default_optimizer_learning_rate": 0.001, "num_target_updates": 1, "qf_mean": -0.031285688281059265, "td_error_mean": 5.431242942810059, "qf_min": -0.4056786298751831, "num_trainable_parameters": 68869, "gradients_default_optimizer_global_norm": 0.853827178478241, "qf_loss": 5.232637405395508, "weights_seq_no": 1.0, "module_train_batch_size_mean": 4000, "qf_max": 0.2906893193721771, "num_module_steps_trained_lifetime_throughput": NaN}, "__all_modules__": {"num_non_trainable_parameters": 0, "num_env_steps_trained_lifetime": 4000, "learner_connector": {"timers": {"connectors": {"add_time_dim_to_batch_and_zero_pad": 4.75000124424696e-05, "add_columns_from_episodes_to_train_batch": 0.095666499924846, "add_observations_from_episodes_to_batch": 0.024291699985042214, "add_next_observations_from_episodes_to_train_batch": 0.023853899911046028, "batch_individual_items": 0.13720789994113147, "add_states_from_episodes_to_batch": 1.00000761449337e-05, "numpy_to_tensor": 0.0010180999524891376}}, "connector_pipeline_timer": 0.2829294999828562}, "num_trainable_parameters": 68869, "learner_connector_sum_episodes_length_out": 4000, "num_module_steps_trained": 4000, "learner_connector_sum_episodes_length_in": 4000, "num_env_steps_trained": 4000, "num_module_steps_trained_lifetime": 4000, "num_env_steps_trained_lifetime_throughput": NaN, "num_module_steps_trained_lifetime_throughput": NaN}}, "num_env_steps_sampled_lifetime": 1000, "fault_tolerance": {"num_healthy_workers": 0, "num_remote_worker_restarts": 0}, "env_runner_group": {"actor_manager_num_outstanding_async_reqs": 0}, "done": false, "training_iteration": 1, "trial_id": "6e6b3_00000", "date": "2025-12-16_16-16-41", "timestamp": 1765919801, "time_this_iter_s": 18.373689889907837, "time_total_s": 18.373689889907837, "pid": 4828, "hostname": "David_Laptop", "node_ip": "127.0.0.1", "config": {"exploration_config": {}, "extra_python_environs_for_driver": {}, "extra_python_environs_for_worker": {}, "placement_strategy": "PACK", "num_gpus": 0, "_fake_gpus": false, "num_cpus_for_main_process": 1, "eager_tracing": true, "eager_max_retraces": 20, "tf_session_args": {"intra_op_parallelism_threads": 2, "inter_op_parallelism_threads": 2, "gpu_options": {"allow_growth": true}, "log_device_placement": false, "device_count": {"CPU": 1}, "allow_soft_placement": true}, "local_tf_session_args": {"intra_op_parallelism_threads": 8, "inter_op_parallelism_threads": 8}, "torch_compile_learner": false, "torch_compile_learner_what_to_compile": "forward_train", "torch_compile_learner_dynamo_backend": "inductor", "torch_compile_learner_dynamo_mode": null, "torch_compile_worker": false, "torch_compile_worker_dynamo_backend": "onnxrt", "torch_compile_worker_dynamo_mode": null, "torch_ddp_kwargs": {}, "torch_skip_nan_gradients": false, "env": "RocketLanding-v0",